# rlxfw's initramfs, declared.   R3-5.   tools/mkinitramfs.py build --decl this
#
# Decision B (notes/kernel-build.md 4): the first boot mounts an initramfs made
# of THIS UNIT'S OWN userspace, so that if the shell does not come up, the shell
# is not the new thing.  Every entry is tagged `unit` -- carved out of this
# device's own flash dump, byte for byte unmodified -- or `rlxfw`, mine.  The
# tool checks the tag against the source path; it does not take it on trust.
#
# $UNIT = $FWRE_WORK/extracted/unit-2018/squashfs-root
# $REPO = this repository
#
# WHAT IS DELIBERATELY NOT HERE.  The vendor's own /init (a busybox symlink,
# which runs /etc/inittab and brings up boa, the switch and the wireless) is
# not used.  R3's first boot is a ladder and rung 1 is "a shell", so /init is a
# four-line script of mine.  ~~That is the only executable content in the image
# that is not this unit's.~~
# 🔄 2026-09-15: there are TWO.  `/bin/uprobe` below is `R1c`'s column-②
# instrument and the first binary this project has compiled that runs as a
# Linux process.  Decision B is unchanged and this is why: NOTHING EXECS IT.
# `/init` does not, so the boot is still the vendor's shell and the shell is
# still not the new thing; the binary is typed at that shell, by an operator,
# after the boot the card predicts.
#
# 🔴 2026-09-16: ucost was added below, so BOTH TOTALS IN THIS BLOCK ARE STALE
# BY CONSTRUCTION and are struck rather than recomputed by hand -- this block's
# own next paragraph predicted exactly this, and a hand-recomputed pair is how
# the last one went wrong.  `mkinitramfs build` recomputes and prints the real
# figure on every run; the card quotes THAT.  Six ELF files now, not five.
#
# ~~SIZE.  量 2026-09-15, and there are TWO totals here that are easy to read as
# one.~~  The FIVE ELF files below total 608,828 bytes (579,644 for this unit's
# four, plus 29,184 for uprobe).  `mkinitramfs build` prints 609,816, which is
# every `file` entry's content and therefore also counts /init's 988-byte
# shell script, which is not an ELF.  609,816 is the figure a card predicts
# against, because it is the one the tool emits.
#
# 🔴 BOTH NUMBERS GO STALE THE MOMENT uprobe IS REBUILT, and the first draft
# of this block had already done it -- it carried 608,736/609,724 from a
# build one edit earlier, a pair that stayed self-consistent because only
# their DIFFERENCE was checked.  `mkinitramfs build` recomputes the total on
# every run: if it and this comment disagree, the tool is right and this line
# is stale.
# 🔴 This block used to say the headroom was 2,395,932 bytes, which describes
# a kernel from before the drivers landed.  🔴 AND THE FIRST CORRECTION
# REPLACED IT WITH ANOTHER PRE-DRIVER NUMBER -- 3,472,384 / 1,770,496 /
# 66.2 %, which is 量 2026-08-28 on `quiet`, the same objection word for
# word.  The closeout audit caught it; nothing in the tree could have.
#
# 量 2026-09-15 on the image this declaration actually built, `up1`, with
# `mkinitramfs build --kernel-image`: decompressed **3,609,088**, margin
# **1,633,792**, **68.8 %** of the 5,242,880 ceiling -- the highest this
# project has built.  uprobe is 29,184 of that margin, **1.79 %**.
# The ceiling is only actually CHECKED when mkinitramfs.py is given
# --kernel-image; without it the tool says so and checks nothing, and both
# wrong numbers above were quoted from a file rather than measured here.
# 🔴 The line here said "The 47 busybox symlinks" and 量 2026-08-30 there are
# THIRTEEN `slink` rows, ELEVEN of them pointing at busybox (the other two are
# the loader's search names for uClibc). 47 is the count of NOTHING in this
# file; the dump has 50 busybox symlinks and this image carries 11 of them.
# A symlink costs a cpio header and no content either way, which is why the
# wrong number changed no downstream figure and sat here undisturbed.
#
# kind	path	source	mode	owner	note

dir	/bin	-	0755	unit	-
dir	/dev	-	0755	unit	-
dir	/lib	-	0755	unit	-
dir	/proc	-	0755	unit	the shell's own /proc/cpuinfo read at K5 needs it mounted, and mounting needs the directory
dir	/sys	-	0755	unit	-
dir	/tmp	-	1777	rlxfw	MINE, and the check found it: this unit's dump has /tmp as a SYMLINK to /var/tmp, not a directory. /var does not exist in this image, so the link would dangle. Declared as a directory of mine rather than passed off as the unit's
dir	/var	-	0755	unit	-
dir	/etc	-	0755	unit	-

# --- the two files in the image that are mine.  Only the first says so on
#     the console: the second is never executed by the boot ---
file	/init	$REPO/build/rlxfw-user/init/init	0755	rlxfw	R7's COMPILED PID 1, 75,128 bytes stripped, static, no PT_INTERP. It mounts /proc /sys /var /run /tmp /srv/www/run, brings the LAN up, loads the config store, starts and respawns brokerd, httpd, dnsfwd and udhcpd, and in the bench profile starts one root shell on /dev/console.  Its first line is byte for byte the one config/rlxfw-init.sh printed (`rlxfw: init running, RLXFW-R3-RUNG1-OK`), so tools/bootbytes.py and RUNSHEET.md B5/P6 still match.  `mkinitramfs --init` CANNOT carry this: that flag checks its argument is a tracked #!/bin/sh script under config/, which an ELF is not -- so this is an ordinary `file` row, which /init always was.  The former source, $REPO/config/rlxfw-init.sh, is still tracked and still the thing --init would accept.  It replaced the four-line ash script that mounts /proc and /sys, brings the LAN up (switch unlock+init+start, NIC unlock+netdev on, rlx0 10.1.1.3; P2-2, PROGRESS P2 settled item 3; `init` since rtl819x-switch 1.5, R6b-8 8d), execs a shell

# --- and the two binaries of mine, which nothing at boot runs ---
#
# Their source is config/rlxfw-user/isaprobe/ and their PRODUCT is under
# build/, deliberately outside config/: RECIPE_ID is `find config -type f`
# with no exclusions and does not consult .gitignore, so an object file
# left under config/ would silently move the id the board prints.
#
# HOW TO PRODUCE THEM.  These two rows are the first sources in this table
# that DO NOT EXIST IN A CLEAN CLONE -- $REPO/build/ is gitignored -- and
# until 2026-09-16 this file named them without saying how to make them, so
# `mkinitramfs build` on a fresh clone failed on a missing file with no
# pointer to the recipe.  Both come from one Makefile:
#
#     make -C config/rlxfw-user/isaprobe            -> build/…/uprobe
#     make -C config/rlxfw-user/isaprobe ucost      -> build/…/ucost
#
# 讀 that Makefile's `INSTALL ?= $(REPO)/build/rlxfw-user/isaprobe`, which is
# where the two paths below come from; it is the owner of how they are built
# and this comment deliberately does not restate its gates.
# ⚠️ It needs the rsdk driver, so it is not a clone-and-make: the Makefile's
# own header records why it stages to ext4 first (a 32-bit `stat()` cannot
# represent a DrvFs inode, so every /mnt/c path returns EOVERFLOW).
file	/bin/uprobe	$REPO/build/rlxfw-user/isaprobe/uprobe	0755	rlxfw	R1c's column-2 instrument and the FIRST binary this project has compiled that runs as a Linux process. 29,184 bytes stripped, static, no PT_INTERP (🔴 this said 29,092 for one commit -- the manifest value from the build before the last, contradicting the SIZE block nine lines above it; exactly the self-consistent-pair trap that block was rewritten to name). Links tools/rlxprobe/cells4.S verbatim, so the 75 encodings probe4 ran bare metal are the same bytes here. Nothing execs it: /init does not, and the boot capture's predicted length is unchanged by it
file	/bin/ucost	$REPO/build/rlxfw-user/isaprobe/ucost	0755	rlxfw	R1-pub-4b's D-cost instrument, and the SECOND binary this project has compiled that runs as a Linux process. 16,692 bytes stripped, static, no PT_INTERP (量 2026-09-16, `make ucost-show`, sha256 76c7e2318021484967ccc0e8c5a2eadd992c5bee372a2a7bcd10d0a1ebe3c6db). 🔴 It does NOT link cells4.S and that is deliberate: cells4.S is one of the four files feeding uprobe's BUILD_ID, which seating 23's capture printed, and seating 24 re-runs a 4a row for repeatability -- worth most if that binary is byte-identical. ucost hand-writes its own probed words instead and `tools/ucostcheck.py` checks every one against tools/isa-payload.tsv in BOTH directions. Nothing execs it: /init does not, and the boot capture's predicted length is unchanged by it
file	/bin/mfgtest	$REPO/config/mfgtest.sh	0755	rlxfw	P1-1's device-side factory checks, and the THIRD executable here that is not this unit's -- Decision B is unchanged for the same reason the two above give: NOTHING EXECS IT.  /init does not, so the boot is still the vendor's shell and the shell is still not the new thing, and the boot capture's predicted length is unchanged by it (量: adding /bin/uprobe moved it by 0).  It is a busybox ash script, so it needs no interpreter this image does not already have -- and every command it types is checked against config/image-commands.tsv by tools/mfginject.py's C2 before any card is frozen, which is the question FW-46 says nothing here could ask.  P1-3 runs it at the shell: `mfgtest auto <id>`.

# --- 🔴 R7-8: the row below is rlxfw's busybox, NOT this unit's (see its note) ---
file	/bin/busybox	$REPO/build/rlxfw-user/busybox/busybox	0755	rlxfw	R7's busybox and the SIXTH executable here that is not this unit's -- and the first one that is EXEC'D, which retires Decision B's "the shell is not the new thing": /init is rlxfw's compiled PID 1 and the shell it starts is this binary. 447,684 bytes stripped (557,462 unstripped), static, no PT_INTERP, e_flags 0x1007, 53 applets / 43 ash builtins, sha256 ef057f6ee7a4ead58d8b2028dbaaf0899b65d9c8ad41ec8e8e7c143f567fec60 (量 R7-8: built a second time straight into build/ and byte-identical to the R7 build). No od, no hexdump, no dd and no digest verb -- notes/busybox-build.md 3 and 7 own the applet decision and the reasoning; the four vendor files it replaces (busybox 273,332 + libuClibc + ld-uClibc + libgcc_s, 579,644 together) are the five rows deleted below
# 🔴 R7-8 DELETED FIVE ROWS HERE.  Nothing in this image is dynamically linked
# any more: every ELF below is static with no PT_INTERP, so the C library, the
# interpreter, libgcc_s and the two loader search names had no reader left.
# They were:  file /lib/libuClibc-0.9.30.3.so, file /lib/ld-uClibc-0.9.30.3.so,
# file /lib/libgcc_s.so.1, slink /lib/libc.so.0, slink /lib/ld-uClibc.so.0 --
# 579,644 bytes of vendor content with the old busybox, replaced by 447,684.
# `dir /lib` STAYS, empty, for a reason that is not sentiment: removing it would
# move every line number below it up by one, and four committed citations point
# into lines 74..105 (docs/mfgtest.md, SPEC.md, LOG.md, config/image-commands.tsv).
# An empty directory costs one cpio dir entry and zero bytes of file content.
# The deletion is available to a commit that repairs those four citations.

# (the loader search names were here; see the deletion note above)

# --- busybox applets.  🔴 R7-8 retagged all eleven `unit` -> `rlxfw`: they point
#     at rlxfw's busybox now, not the unit's.  量 R7-8 that all eleven names are
#     among that build's 53 applets (tools/appletcensus.py extract --binary), so
#     no symlink dangles; `sleep` and `mkdir` are ALSO ash builtins, which is why
#     the dump had symlinks for them at all ---
slink	/bin/sh	busybox	0777	rlxfw	rung 1
slink	/bin/ash	busybox	0777	rlxfw	-
slink	/bin/cat	busybox	0777	rlxfw	K5 reads /proc/cpuinfo
slink	/bin/echo	busybox	0777	rlxfw	-
slink	/bin/ls	busybox	0777	rlxfw	-
slink	/bin/mount	busybox	0777	rlxfw	/proc and /sys
slink	/bin/ps	busybox	0777	rlxfw	-
slink	/bin/ifconfig	busybox	0777	rlxfw	rung 2
slink	/bin/ping	busybox	0777	rlxfw	rung 3
# THERE IS NO /bin/uname, AND ADDING ONE WOULD NOT WORK.  Recorded here because
# a symlink for it was added for RUNSHEET K5 and then removed, and neither step
# wrote down why -- notes/kernel-build.md sec 9 still carries the fossil, a
# sentence that says both "there is no symlink of mine left" and "it is declared
# as mine".  量 2026-08-29, this unit's own busybox under qemu-mips-static:
# `busybox uname -a` -> `uname: applet not found`.  The binary lists 50 applets
# and uname is not one of them, so the symlink would have exec'd busybox as
# `uname` and busybox would have refused.  K5 reads /proc/version instead, which
# prints linux_banner verbatim and therefore carries (user@host) and the gcc
# version that `uname -a` drops.  notes/kernel-build.md sec 12.7.
# /bin/dmesg was here, tagged `unit`, until 2026-08-28, and the adversarial pass
# found it. It is NOT in this unit's dump -- the dump has 50 busybox symlinks and
# that is not one of them -- and the byte string `dmesg` does not appear in this
# busybox at all, so the applet is not compiled in either. It was removed rather
# than retagged: an entry that adds nothing and was wrong about its own
# provenance is not worth a line. It got in because the `unit` tag was checked
# for `file` entries only, and 15 of the 31 entries were `slink`.
slink	/bin/mkdir	busybox	0777	rlxfw	-
slink	/bin/sleep	busybox	0777	rlxfw	-

# --- one symlink that is MINE, and the reason it has to be ---
# /bin/uname was here too, and the adversarial pass killed it with the same
# instrument that killed /bin/dmesg. The note said "the applet IS in the binary
# (量: the string is present)" -- that was a `strings` FALSE POSITIVE, and
# `notes/rootfs-census.md` already documents the mirror of it. 量: busybox's
# applet-name table is at file offset 266740 and holds exactly 50 names, which are
# exactly the 50 symlinks in the dump; `uname` is not among them. The single
# `uname` hit in the file is at offset 9040, between `unsetenv` and `getpagesize`
# -- it is `.dynstr`, the uClibc syscall wrapper's symbol name. So `uname -a`
# would have returned `uname: applet not found`, exit 127, and RUNSHEET K5 would
# have read that as a shell that does not work. Removed. **K5 needs a different
# command**, and with CONFIG_PRINTK off `cat /proc/version` is now the only place
# the build stamp can be read at all -- that is R3-6's to settle.

# --- without this, init runs with no stdio and it reads exactly like a hang ---
nod	/dev/console	c:5:1	0600	rlxfw	init/main.c init_post() opens it; the vendor's squashfs carries 0 device nodes (量, and weakly: unsquashfs as an ordinary user cannot create them either)
nod	/dev/null	c:1:3	0666	rlxfw	the shell redirects to it before anything else does
nod	/dev/tty	c:5:0	0666	rlxfw	busybox's shell wants a controlling terminal for job control

# --- R3-9's second path to the flash: TWO read-only char nodes ---------------
# 🔄 2026-08-30, the rebuild. This block replaced a single `nod /dev/mtdblock1`
# row. That row was the best answer available WHILE CONFIG_MTD_CHAR WAS OFF, and
# the rebuild turned it on, so the row is withdrawn rather than corrected. The
# original reasoning is kept in notes/kernel-build.md 17.7a, which is where it
# was made.
#
# 讀 drivers/mtd/mtdchar.c mtd_open -- TWO refusals, and only the second depends
# on anything being configured right:
#   (a) if ((f_mode & FMODE_WRITE) && (minor & 1)) return -EACCES;
#   (b) if ((f_mode & FMODE_WRITE) && !(mtd->flags & MTD_WRITEABLE)) return -EACCES;
# (a) is unconditional and is stronger than a mode bit, because root ignores DAC.
# 讀 include/linux/mtd/mtd.h:21, MTD_CHAR_MAJOR is 90; the char minor is
# (mtd number << 1) and an ODD minor is the read-only alias. So mtd0ro = c 90 1
# and mtd1ro = c 90 3.
#
# WHY mtdblock1 IS GONE. Its stated purchase was "a readability and size reading
# through my own MTD stack" -- `wc -c` printing 2949120. /dev/mtd1ro buys the
# same number over the same partition through mtd_read -> part_read ->
# rtl819x_flash, and leaves NO WRITABLE FLASH NODE IN THE IMAGE AT ALL. What is
# given up is the block layer (mtdblock_readsect, the blktrans request queue),
# which no step of R3 exercises and which R5b will want; it comes back in the
# build that needs it.
#
# 🟢 AND THE CONTROL IS NOW COMPLETE RATHER THAN ARGUED. 17.7a's sentence was
# "the control is the absence of a node, not the mode bits", and an absence is
# only a control if nothing can create one. 量, notes/rootfs-census.md: `mknod`
# is NOT among this busybox's fifty applets -- by the applet-name table in the
# binary, not by `strings`, which is the false positive that file documents
# twice. So the declared set is the complete set of device nodes this image can
# ever hold, and a mistyped `/dev/mtd0` at the shell is `No such file or
# directory` rather than a writable handle on the loader.
#
# PREDICTIONS for the next seating, written now so the card copies rather than
# invents (notes/kernel-build.md 18.4 owns them):
#   cat /proc/mtd        -> 0x00130000 "boot+cfg+linux", 0x002d0000 "root fs",
#                           and it reads ZERO flash bytes
#   busybox wc -lc < /dev/mtd0ro -> `    4422   1245184`   (0x130000)
#     🔄 2026-08-31: `wc` is an APPLET and not a declared symlink here, so the
#     bare form returns `/bin/sh: wc: not found`. Measured on the silicon.
#     `-lc` and not `-c`: a byte count cannot see a truncating copy_from.
#   wc -c < /dev/mtd1ro  -> 2949120     (0x2D0000; 量 L3.log:114, and 讀
#                           rtl819x_flash.c: WINDOW_SIZE 0x400000 minus
#                           CONFIG_RTL_ROOT_IMAGE_OFFSET 0x130000. Two sources,
#                           because the first draft of the old row said 2818048,
#                           which is 0x2B0000 and a subtraction error)
#   echo x > /dev/mtd0ro -> `Permission denied`  <- the positive control on the
#                           safety property itself. It costs no flash bytes: the
#                           open fails before any write is issued. A SUCCESS
#                           here is a stop-if for the whole seating.
# 讀 mtd_read: `if (*ppos + count > mtd->size) count = mtd->size - *ppos;` then
# `if (!count) return 0;` -- a clean EOF, which is why `wc -c` terminates on a
# character device at all.
#
# NOT A CONTENT CHECK, and G8b's forbidden sentence stays forbidden.
#
# 🔴 R7-8 REPLACED THE SENTENCE THAT WAS HERE.  It said that with no
# dd/md5sum/od/hexdump/cmp/cksum/sum/sha1sum among its fifty applets "nothing here
# reads a byte of H601 and compares it to anything".  量 by the busybox work, that
# was ALREADY TOO STRONG before R7 and for a reason no applet list can fix:
# `grep -c <byte>` is a per-byte oracle, which IS a comparison, and `cat`, `tail -c`
# and `cut -b` put raw bytes of an arbitrary file on the console, where a capture
# makes them reconstructable.  `cat` cannot be removed: K5 reads /proc/cpuinfo with
# it and the capture corpus holds 412 `cat` sends.
#
# The claim this build DOES support is narrower, and it is the one to quote:
#
#     no applet can turn arbitrary bytes into a printable, lossless form, and
#     none can digest them.
#
# notes/busybox-build.md 7.1 owns the evidence -- every verb measured under
# qemu-mips-static against a 6-byte fixture with a NUL, a newline, a high byte and
# an ESC, each reading with a positive control -- and it is not restated here.
# tools/mkinitramfs.py `check_no_h601_dumper` is the build-time refusal that keeps
# it true: with any mtd node declared, no `file` row may be a multi-call binary
# whose applet table holds one of eighteen encoder or digest names, and an applet
# table that cannot be READ is a refusal rather than a zero.
#
# WHAT IS STILL OWED, named rather than implied: a `tools/cardcheck.py` refusal on
# any /dev/mtd* path as an argument to any command.  That is what would catch `cat`
# and `grep`, it is narrower than the command table, and IT DOES NOT EXIST.  Until
# it does, the operator not typing `cat /dev/mtd0ro` is the whole control.
#
# What these two nodes buy is size, readability, and a path over the forbidden
# region that is provably unable to write it.
nod	/dev/mtd0ro	c:90:1	0400	rlxfw	R3-9: read-only by the KERNEL (odd minor), over mtd0 = loader + H601. `wc -c` = 1245184. `echo x >` must be EACCES -- that is the control, and it writes nothing
nod	/dev/mtd1ro	c:90:3	0400	rlxfw	R3-9: read-only by the KERNEL (odd minor), over mtd1 = the vendor rootfs. `wc -c` = 2949120, the reading the withdrawn /dev/mtdblock1 row was for, with no writable node left behind
#
# 🆕 2026-09-07 (`R5-5`): TWO MORE NODES, and the second one is the first
# chance this project has ever had to see refusal (b) fire.
#
# Refusal (a) -- the ODD-minor rule at mtdchar.c:73 -- is already exercised by
# `echo x > /dev/mtd0ro`.  Refusal (b) at :94, `!(mtd->flags & MTD_WRITEABLE)`,
# has NEVER fired on this board and cannot: every partition in this image comes
# from the vendor's map, which sets MTD_CAP_NORFLASH, so MTD_WRITEABLE is on and
# (b) is skipped.  rtl819x-spi registers with MTD_CAP_ROM -- flags 0 -- so
# /dev/mtd2, an EVEN minor, is the only path in this image where (b) is the
# thing that says no.
#
# 🔴 AND THE EVEN-MINOR NODE WAS REFUSED, BY THIS PROJECT'S OWN TOOL,
# BEFORE IT REACHED A BUILD.  `mkinitramfs.py` rejects any c:90:<even>:
#   "major 90 is mtdchar and minor 4 is EVEN ... only an ODD minor cannot be
#    opened for writing.  Declare /dev/mtd2ro as c:90:5 instead"
# That rule encodes refusal (a) alone, which is all it CAN check: whether
# (b) applies is a property of the driver's mtd->flags at run time, and a
# declaration file cannot see it.  🟢 The refusal is accepted rather than
# widened -- the guard it replaces was going to live in the CARD's shell
# command, and a guard in a command depends on the operator running the
# command as written, while a guard in the declaration does not.  So (b)
# stays 讀, verified in mtdchar.c:94 and never observed firing, and it is
# carried forward with its route: rtl819x-spi's `trywrite` verb reaches
# layer L2 on the silicon instead, which is the layer BEHIND (b).
#
# What the withdrawn node would have needed, kept because it is the argument
# the next attempt has to answer:  An even minor opened for writing is refused by (b) only if
# the device behind it is mine.  If `mtd2` were ever a vendor partition -- a
# third entry in rtl8196_parts1[], say -- the same `echo x > /dev/mtd2` would
# pass (a), pass (b), and attempt a REAL FLASH WRITE.  So the cell is written
#
#   grep -q 'rtl819x-spi-pio' /proc/mtd && echo x > /dev/mtd2
#
# and the shell does the checking.  讀 rtl819x_flash.c: with CONFIG_ROOTFS_SQUASH
# and no dual image, rtl8196_parts1[] has exactly TWO entries, so mtd2 is mine or
# nothing -- but "or nothing" is a prediction and this is the one place where a
# wrong prediction would be expensive rather than interesting.
#
# The minor arithmetic is the same as above: mtd2 = c 90 4, mtd2ro = c 90 5.
# Mode 0400 on both, so root's ignoring of DAC is what makes the refusal a
# KERNEL reading rather than a permission-bit one -- the same reasoning
# /dev/mtd0ro carries.
nod	/dev/mtd2ro	c:90:5	0400	rlxfw	R5-5: read-only by the KERNEL (odd minor) over mtd2 = rtl819x-spi's own read-only device. `wc -c` must be 4194304, which is the SAME 4 MiB /dev/mtd0ro and /dev/mtd1ro cover between them but read through MY driver's programmed-I/O path instead of the vendor's. A size that is not 4194304 means add_mtd_device took a different index and every mtd2 cell on the card is void

# ----------------------------------------------------------------------------
# R5-6, 2026-09-08.  One node, and it is the first one in this file whose
# mere OPENING changes the hardware.
# ----------------------------------------------------------------------------
nod	/dev/watchdog	c:10:130	0600	rlxfw	R5-6: the miscdevice rtl819x-wdt registers. 讀 include/linux/miscdevice.h:15 WATCHDOG_MINOR = 130, and MISC_MAJOR = 10 in the same file. 0600 because the only thing that opens it is a test run as root at the shell, and a mode that let any process arm the hardware watchdog on a one-device project is a wider door than the experiment needs. ⚠ OPENING THIS NODE ARMS THE SILICON: rtl819x_wdt_open() enters WDT_USER, and closing it WITHOUT writing 'V' first leaves the userspace deadline running, after which the board resets. That is the /dev/watchdog contract and not a defect, but it means `cat /dev/watchdog` is not a free read the way /dev/mtd0ro is, and no bench cell may treat it as one. The /proc/rtl819x-wdt verbs exist so that every experiment that does not specifically need the character device can avoid this node entirely.

# ----------------------------------------------------------------------------
# R5-8, 2026-09-10.  Two entries, and the second is the only reason the keys
# driver ever polls.
#
# 讀 drivers/input/input-polldev.c: input-polldev queues its poll work from
# input_open_polled_device(), which is input_dev->open, which the input core
# calls when a HANDLER opens the device.  量 drivers/input/evdev.c:190 --
# evdev's input_open_device() is inside evdev_open(), gated on
# `!evdev->open++`, so it runs on the FIRST USERSPACE OPEN of the node and
# not at connect.  Without this node nothing in this image can perform that
# open, rtl819x-keys registers, /proc/rtl819x-keys appears, and every counter
# in it reads 0 for ever with CONFIG_PRINTK=n saying nothing about why.
#
# 🟢 THAT IS A CONTROL RATHER THAN A HAZARD, once the node exists.  n_open
# and n_poll then read
#
#     0 / 0            nothing has opened it
#     1 / rising       it is open and the workqueue is running
#     1 / flat         it was opened and closed
#
# which is the same three-state shape as R5-3a's line 25 being absent from
# /proc/interrupts before request_irq and after free_irq.  A bench cell opens
# it with `cat /dev/input/event0 > /dev/null &` and closes it by killing that.
#
# ⚠️ WHAT COMES OUT OF THE NODE IS BINARY AND NOTHING IN THIS IMAGE DECODES
# IT.  FW-46: this busybox has no dd, no md5sum and no --list, and nothing
# here has been shown to hold od or hexdump.  A `cat` of this node onto the
# console would put raw struct input_event bytes on the wire (16 bytes each
# on this 32-bit kernel, and ESC among them), which is why the cell above
# redirects to /dev/null: the OPEN is what is needed, not the data.  What the
# events were is read from /proc/rtl819x-keys' counters and its jiffies ring.
# ----------------------------------------------------------------------------
dir	/dev/input	-	0755	rlxfw	R5-8: MINE, and the check would have found it -- 量, this unit's own squashfs /dev holds only a `log` symlink, misc, pts and voip, so there is no /dev/input to carry forward and an entry tagged `unit` would be refused by mkinitramfs's own counterpart check. Same shape as /tmp above.
nod	/dev/input/event0	c:13:64	0600	rlxfw	R5-8: evdev's node for the first registered input device, and the only way anything in this image can OPEN rtl819x-keys so that input-polldev starts polling. THE NUMBERS HAVE TWO SOURCES EACH, which is this project's rule for a constant entering code: major 13 is `#define INPUT_MAJOR 13` at include/linux/major.h:29 AND `13 char Input core` at Documentation/devices.txt:479; minor 64 is `#define EVDEV_MINOR_BASE 64` at drivers/input/evdev.c:11 AND drivers/input/Kconfig's own help for INPUT_EVDEV, *"char device 13:64+ - /dev/input/eventX"*. ⚠️ event0 AND NOT eventN: the minor is assigned by evdev in registration order, so this node is the first input device to register and nothing else in this image registers one -- REFUTED BY a /proc/bus/input/devices that lists more than one N: line, in which case the number this node names is a guess. 0600 for /dev/watchdog's reason: the only thing that opens it is a test run as root at the shell. 🟢 Unlike /dev/watchdog, OPENING THIS IS FREE -- it starts a poll loop and touches no register the vendor's own rtl_gpio_timer is not already reading once a second (量 FW-40).

# ----------------------------------------------------------------------------
# R6-5, 2026-09-20.  One file, and it is the first entry in this table that is
# a THIRD-PARTY program rather than this unit's or mine.
#
# 🔴 APPENDED AT THE END ON PURPOSE.  Four committed citations point into this
# file by line number -- config/image-commands.tsv:3 and tools/appletcensus.py
# cite the busybox row, docs/mfgtest.md cites it too, RUNSHEET.md cites the
# header block -- so an insertion beside /bin/mfgtest would shift every one of
# them.  `citecheck` is the only thing in this repository that can see that,
# and appending costs nothing.
#
# WHAT IT NEEDS AT RUN TIME, measured rather than assumed:
#   /tmp writable   -- 讀 iperf_api.c:2667,2694,2713: EVERY stream, both ends,
#                      does mkstemp("/tmp/iperf3.XXXXXX") -> unlink -> ftruncate
#                      (blksize) -> mmap(MAP_PRIVATE).  3.1.3 has no TMPDIR
#                      support, so the path is hardcoded.  `dir /tmp 1777` above
#                      is therefore load-bearing for this row.
#   /dev/urandom    -- NOT needed.  量 2026-09-20 with a negative control: the
#                      strings are uClibc's __gen_tempname, and with BOTH
#                      /dev/urandom and /dev/random absent a full TCP test
#                      completed under qemu-mips-static.  No node is added.
#   numeric IPs     -- there is no /etc/hosts or /etc/resolv.conf here, so a
#                      hostname would not resolve.  量: neither file is opened
#                      on the numeric path.
#   nothing else    -- fully static, no PT_INTERP, single-threaded (量: zero
#                      pthread symbols), no persistent write.
#
# 🔴 THE ONE PATH NOTHING OFF-SILICON CAN TEST.  This kernel has no CONFIG_TMPFS
# and no CONFIG_SHMEM (量, the built .config), so / is ramfs and the qemu runs
# above used a real filesystem for /tmp.  ftruncate+mmap on ramfs is 讀 to work
# (ramfs_file_operations.mmap = generic_file_mmap) and is 推 until the die says
# so.  If iperf3 fails on the device with "unable to create a new stream", THIS
# is the suspect and not the driver.
#
# ⚠️ RECIPE_ID CANNOT SEE THIS BINARY.  The id is a digest over config/ and the
# product lives under build/, so two different builds of iperf3 give two
# different images with the SAME RLXFW-ID0.  What pins it is the assembled
# image's own sha256 (looprun --image-sha256), not the id the board prints.
# Nothing execs it: /init does not, so Decision B is unchanged and the boot
# capture's predicted length is unchanged by it.
file	/bin/iperf3	$REPO/build/rlxfw-user/iperf3/iperf3	0755	rlxfw	R6-5's throughput instrument, and the FOURTH executable here that is not this unit's. iperf 3.1.3, 252,644 bytes stripped, static, no PT_INTERP, MIPS-I MSB o32. Built by config/rlxfw-user/iperf3/ with no ./configure -- every line of iperf_config.h came from a compile probe against THIS toolchain rather than a cross-compile guess. Needs /tmp writable for mkstemp+mmap on every stream; needs no /dev/urandom (量, negative control). Nothing execs it

# ----------------------------------------------------------------------------
# R6b-6, 2026-09-26.  One file: the caller of the three ethtool ops that
# rtl819x-nic has carried since 1.3 and that nothing had ever called (量, all
# 217 committed NIC dumps read `n_et_link 0`).
#
# APPENDED AT THE END for R6-5's reason above: rows here are cited by line.
#
# NOTHING EXECS IT.  /init does not; an operator types it at the shell, on a
# card, after the boot the card predicts.  So Decision B is unchanged, and the
# boot capture's length is unchanged by this row: a file in the initramfs
# prints nothing, and `bootbytes` derives the boot length from the marks.
#
# HOW TO PRODUCE IT.  config/rlxfw-user/linkprobe/Makefile, run under
# tools/vendor-tripwire.sh; its INSTALL is $(REPO)/build/rlxfw-user/linkprobe,
# which is where the path below comes from, and it is the owner of the gates.
# Like uprobe, ucost and iperf3 the product lives under build/, outside
# config/, so RECIPE_ID cannot see it: two builds of linkprobe give two images
# with one RLXFW-ID0.  What pins it is the assembled image's sha256 (looprun
# --image-sha256) and the digest the program prints on its LP0 line, which is
# its source and its Makefile.
#
# HOW A CARD TYPES IT.  tools/cardcheck.py's load_decl admits the basename of
# every `file` row here, which is how uprobe, ucost, mfgtest and iperf3 reach
# cards today.  config/image-commands.tsv is the busybox census, regenerated
# from the ELF, and does not grow a row: one there would call linkprobe an
# applet and be deleted by the next regeneration.
file	/bin/linkprobe	$REPO/build/rlxfw-user/linkprobe/linkprobe	0755	rlxfw	R6b-6's caller of rtl819x-nic's ethtool ops, and the FIFTH executable here that is not this unit's. ETHTOOL_GDRVINFO, GLINK and GRINGPARAM through SIOCETHTOOL and nothing else -- no ETHTOOL_S*, which tools/linkprobecheck.py refuses in the source. 16,240 bytes stripped, static, no PT_INTERP, e_flags 0x1007 (量 2026-09-26, `make show`; build_id 1bce836f2e21c43a, sha256 071c8f81a47cc8ed84ad9d6ddce8a7e5b4db45ca1ba35fd457a1d9f47bd3d723). Holds the bytes `rtl819x` zero times (gate G5), so a driver name it prints came from the kernel. Nothing execs it

# --- R7-8: rlxfw's own userspace ------------------------------------------
#
# Six compiled programs, PID 1 among them, and the web root httpd chroots into.
# Every one is static, big-endian MIPS-I, e_flags 0x1007, no PT_INTERP, hazlint
# clean (0 violations each, 量 R7-8) and carries none of the six names
# tools/uspacescan-names.tsv forbids -- proved from two independent sources, the
# shipped bytes and the pre-link objects, which agreed on all six.
#
# THESE ROWS ARE AT THE END OF THE FILE ON PURPOSE.  Four committed citations
# point into lines 74..105; new rows go where they cannot move one (FW-110).
# gen_init_cpio reads the spec in order, so each `dir` precedes its children.
#
# /var, /var/lib, /run and /srv/www/run are NOT declared as directories the image
# carries: init mkdirs and mounts them.  CONFIG_TMPFS and CONFIG_SHMEM are unset,
# so "tmpfs" is ramfs and `size=` is SILENTLY IGNORED -- every one of those mounts
# is unbounded against ~26 MB of DRAM.  That is an R7 residual and not a defect of
# these rows: the writers in this image are bounded by construction (the store is
# two 4,096-byte slots, /run holds a pid and at most three dotted quads, no daemon
# logs to a file).  A future writer that is not bounded has no containment here.
#
# THE BROKER SOCKET IS 0666 AND THE MODE BITS ARE NOT THE GUARD.  brokerd binds
# /srv/www/run/broker.sock and authorises every request from SO_PEERCRED plus a
# per-uid op table; uid 100 (httpd) and uid 101 (dnsfwd) both have to connect, and
# mode bits cannot express {0,100,101} without a group both are in.  Putting dnsfwd
# in gid 100 would buy 0660 by giving the two unprivileged daemons a shared group
# inside httpd's chroot -- a real widening for a decoration -- so the mode stays
# 0666 and the sentence to read is this one: anything on this box can OPEN that
# socket, and what it may DO is decided by its uid and the op table alone.
dir	/sbin	-	0755	rlxfw	not in the unit's dump, so it cannot be tagged unit
file	/sbin/ifupd	$REPO/build/rlxfw-user/ifupd/ifupd	0755	rlxfw	udhcpc's -s script, exec'd by busybox udhcpc with the lease in the environment. 23,164 bytes stripped. It configures an interface and a route through ioctls and netlink and EXECUTES NOTHING: its objects reference no execve, fork or vfork at all (量 R7-8, source 2)
dir	/usr	-	0755	rlxfw	-
dir	/usr/sbin	-	0755	rlxfw	-
file	/usr/sbin/brokerd	$REPO/build/rlxfw-user/brokerd/brokerd	0755	rlxfw	the only process that reads or writes the config store, and the only one that holds sessions. 101,172 bytes stripped. Runs as root; every caller is identified by SO_PEERCRED. Its one exec is PING: execve(/bin/busybox, {ping,-c,N,-W,1,dotted}) with a typed four-byte target, never text that reaches an interpreter
file	/usr/sbin/httpd	$REPO/build/rlxfw-user/httpd/httpd	0755	rlxfw	binds :80 as root, then chroot(/srv/www), setgid(100), setuid(100). 83,820 bytes stripped. It never opens the config store: cfg_load and cfg_store are not on its link line, which is the guard, and every read or write of configuration is a typed op to brokerd
file	/usr/sbin/dnsfwd	$REPO/build/rlxfw-user/dnsfwd/dnsfwd	0755	rlxfw	binds :53 as root, then setgid(101), setuid(101). 73,908 bytes stripped. Forwards to dns.upstream, which it asks brokerd for; the Kaminsky question check has a mutation control that goes red when it is removed
file	/usr/sbin/cfgstore	$REPO/build/rlxfw-user/cfgstore/cfgstore	0755	rlxfw	the console CLI over the store: get, set, unset, dump --hex, init --force, passwd. 86,320 bytes stripped. `passwd` is the ONLY way this image can get an admin.pwhash at all -- the key has no default, and httpd's /api/password needs a session, which needs a password. It refuses, loudly, while entropy_avail is under 128
dir	/srv	-	0755	rlxfw	-
dir	/srv/www	-	0755	rlxfw	httpd's chroot. `make -C src/httpd chrootcheck ROOT=srv/www` refuses an ELF, a symlink out, a setuid bit or a device node under it, and was shown refusing a planted /srv/www/bin/sh (量 R7-8)
file	/srv/www/index.html	$REPO/srv/www/index.html	0644	rlxfw	the one page; 0644 and not executable, which is what send_file() requires
dir	/srv/www/static	-	0755	rlxfw	-
file	/srv/www/static/style.css	$REPO/srv/www/static/style.css	0644	rlxfw	-
file	/srv/www/static/app.js	$REPO/srv/www/static/app.js	0644	rlxfw	-
dir	/run	-	0755	rlxfw	the mountpoint init puts a ramfs on; /run/dnsfwd.pid and /run/wan.dns live there
file	/etc/passwd	$REPO/config/rlxfw-passwd	0644	rlxfw	root, httpd (100) and dnsfwd (101). Every shell field is /bin/false: setuid(100) needs the uid to exist, not to be usable
file	/etc/group	$REPO/config/rlxfw-group	0644	rlxfw	root, httpd (100), dnsfwd (101), each with no supplementary members. dnsfwd is deliberately NOT in gid 100; see the socket paragraph above
nod	/dev/ttyS0	c:4:64	0600	rlxfw	the console UART as a tty device rather than as /dev/console, so a program can open it by name. Major 4 minor 64 讀 Documentation/devices.txt
nod	/dev/urandom	c:1:9	0666	rlxfw	where pwhash_salt() draws its 16 salt bytes. It REFUSES below entropy_avail 128, and 量 2026-09-30 on the previous image entropy_avail was 0 at 768 s uptime -- R7-7's driver is what feeds the pool, and whether it does is a boot question
nod	/dev/random	c:1:8	0666	rlxfw	declared for completeness; nothing in this image opens it, which is deliberate -- a blocking read on this pool would hang a daemon
